rank,name,email,phone,driver,appointment,al,oil,phol,total_leave_balance,total_duties,mc_count
LTA,MOHAMMAD NAEEM BIN MOHAMMAD RAFI,whoisnaeem@gmail.com,96751705,No,RC,4,0,1,,,0
LTA,KUMAR ARNAV,arnav.kumarr8@gmail.com,89261722,No,RC,14,1,2,,,2
WO2,SALLEHIN BIN M YUSOP,Sallehin_yusop@scdf.gov.sg,97626829,Yes,DRC,0,0,0,,,0
WO2,MUHAMMAD SOFIAN BIN MOHD SHARIFF,Md_sofian_Md_Shariff@scdf.gov.sg,94873574,Yes,DRC,0,0,0,,,0
SGT2,MUHAMMAD AIDILL BIN KHUZAIRI,vespaqid@gmail.com,87312535,No,SC,0,0,0,,,3
SGT1,EKIM BRANDON WAH JING RUI,ekimbrandon@gmail.com,83330508,No,SC,5,0.5,0,,,7
SGT1,GANDEPALLI VEERA GNANESWAR,veeragnan@gmail.com,91444630,No,SC,0,0.5,1,,,5
SGT1,MUHAMMAD JAZIMIN BIN ISKANDAR RAIHANI,jaziminmuhammad@gmail.com,86867554,No,SC,2,1.5,1,,,6
SGT1,ISAAC PUAH NEO WEI-EN,isaacpuahneo@gmail.com,91687410,No,SC,3,0,1,,,6
SGT1,ISAAC LIM ZHI JING,Isaaclim679@gmail.com,87875984,No,SC,6.5,0,1,,,1
SGT1,MUHAMMAD RIZAL BIN JAFFAR,rizaljaffar09@gmail.com,87865400,No,SC,5.5,0,1,,,0
SGT1,VERON TAN BOON XUAN,verontbx@gmail.com,89380321,No,SC,2,1,1,,,1
SGT1,POH YONG FENG KIERAN,pohkieran@gmail.com,93891061,No,SC,7,0.5,1,,,0
SGT1,UMMAR SHAQUILLE BIN SHEIKH MAHDHAR,ummarshaquille@gmail.com,88153413,No,FF,1,0,0,,,6
CPL,AMEER FIRDAUS BIN MUHAMAD ROZAIMI,ameer28.firdaus@gmail.com,97261021,No,FF,6,0,0,,,6
CPL,MOHAMED IRFAN BIN MOHAMED YAZID,irfanyazid003@gmail.com,87429767,No,FF,8,1.5,0,,,2
CPL,AHMAD ZAHIN BIN ABDUL HALIM,zahinhalim@gmail.com,86916406,No,FF,1.5,0.5,0,,,4
CPL,MUHAMAD DANIAL BIN ABDULLAH,anakbulan01@icloud.com,88065636,No,FF,0,0,0,,,13
CPL,MUHAMMAD SYAHIN DANIAL BIN AZMI,syahin2015@gmail.com,83894314,No,FF,7,0,1,,,5
CPL,NORHAMBALI NASRULLAH BIN NORIZHAM,nasruln191@gmail.com,89503101,No,FF,3,0,1,,,3
CPL,DANIAL NOOR HAQIM BIN JAFFRY,danialhaqimjaffry17@gmail.com,87841348,No,FF,0.5,0.5,1,,,5
CPL,MOHAMED RIFQI NAZIRUL BIN ABU BAKER,nazirulrifqi@gmail.com,90730477,No,FF,4.5,0,1,,,14
CPL,TOH KANG WEI,tohkangwei2005@gmail.com,89053715,No,FF,6.5,0,1,,,3
CPL,RYAN DARWISH AS SHAQUR BIN MUHAMMAD RIZAL,ryan.asshaqur@gmail.com,85425808,No,FF,1,0,1,,,3
CPL,KOH HOE KAI,kh.kai123@gmail.com,90858926,No,FF,5,0,1,,,4
CPL,GURLEENJEET SINGH,gurleenjeetsingh@gmail.com,96215203,Yes,FF,7,0.5,1,,,5
CPL,ADAM FIKRI BIN FATHRUL RAHIM,adamfikri1017@gmail.com,96423871,Yes,FF,10.5,1,1,,,2
CPL,ABDULLAH BIN ZULKEFLI,abkuzaaa@gmail.com,89568725,No,FF,0,0,1,,,1
CPL,RIZWAN BIN JAINULABDEEN,xpokerdice08@gmail.com,89512538,No,FF,9.5,0.5,3,,,0
CPL,MOHAMAD DANY KHALIFAH BIN MOHAMAD FAIRUZ,danykhalifah692@gmail.com,88391866,No,FF,3.5,0,1,,,2
LCP,SAM JUN HSIEN,junhsien123@gmail.com,94278386,Yes,FF,2,0,3.5,,,0
LCP,ONG HONG RONG,bennyong56@gmail.com,87116343,No,FF,10.5,0,1,,,1
LCP,JAVIER NG ZHAN YI,Japychip@Gmail.com,87725501,No,FF,6,0,1,,,0
